PPepDB-ID,Sequence
PPepDB_249,GGYKNFYGSALRKGFYEGEAGRAIRR
PPepDB_255,ITCQQVTAELEPCVPYLTQGIP
PPepDB_269,TPCGESCVYIPCISGVIGCSCTDKVCYLN
PPepDB_272,ITCQQVTSELGPCVPYLTGQGIP
PPepDB_275,GLPLCGETCVGGTCNTPGCSCGWPVCVRN
PPepDB_294,FFRSKLLSDGAAAAKGALLPQYW
PPepDB_462,QPQPFPQQSEQSQQPFQPQPF
PPepDB_502,QQQQPFPSQQQQSPFSQQQQ
PPepDB_508,QQXSQPQXPQQQQXPQQPQQ
PPepDB_512,QSNLPQPAQQPFQPQVPQQP
PPepDB_520,RCMAFLLSDGAAAAQQLLPQYW
PPepDB_601,ADPTFGFTPLGLSEKANLQIMKAYD
PPepDB_633,ATFNFINNCPFTVWAAAVPG
PPepDB_647,ATITVVNRCSYTVWPGALPGGGA
PPepDB_649,AVFTVVNQCPFTVWAASVPVGGGRQLN
PPepDB_651,AVFTVVNRCPYTVWAASVPVGG
PPepDB_653,CAETCIYIPCFTEAVGCKCKDKVCYKN
PPepDB_655,CAETCVVLPCFIVPGCSCKSSVCYFN
PPepDB_662,CGESCVYIPCTVTALLGCSCKDKVCYKN
PPepDB_664,CGETCIWGRCYSENIGCHCGFGICTLN
PPepDB_666,CGETCIYIPCFTEAVGCKCKDKVCYKN
PPepDB_668,CGETCKVTKRCSGQGCSCLKGRSCYD
PPepDB_669,CGETCLFIPCIFSVVGCSCSSKVCYRN
PPepDB_671,CGETCLFIPCLTSVFGCSCKNRGCYKI
PPepDB_672,CGETCVGGTCNTPGCSCSWPVCTRN
PPepDB_673,CGETCVIFPCISAAFGCSCKDTVCYKN
PPepDB_675,CGETCVILPCISAALGCSCKDTVCYKN
PPepDB_677,CGETCVTGTCYTPGCACDWPVCKRD
PPepDB_679,CGETCVVDTRCYTKKCSCAWPVCMRN
PPepDB_681,CGETCVVLPCFIVPGCSCKSSVCYFN
PPepDB_683,CKHQCMSTRGDQARKICESVCM
PPepDB_686,CPAIQRCCQQLRNIQPPCRCCQ
PPepDB_688,CVWIPCISAAIGCSCKSKVCYRN
PPepDB_689,CVWIPCISAAIGCSCKSKVCYRNSLDLN
PPepDB_690,CVWIPCISGIAGCSCKNKVCYLN
PPepDB_691,CVWIPCISGIAGCSCKNKVCYLNSLDN
PPepDB_721,ISCQDVKQSLAPCLPYVTGRAPKPA
PPepDB_753,LPSDATLVLDQTGKELDARL
PPepDB_1398,MTCGQVQGNLAQCIGFLQKGG
PPepDB_1450,PAQPFRFPKHPQGPQTRPPI
PPepDB_1453,PEDPQRRYQEXQREXRXQQE
PPepDB_1454,PNPKVFFDMTIGGQSAGRIVMEEYA
PPepDB_1473,QSERFEQQMQGQDFSHDERFLSQAA
PPepDB_1479,RNCESLSHRFKGPCTRDSNC
PPepDB_1487,SGVFEVHNNXPYTVWAAATPVGGGRR
PPepDB_1494,SWPVCTRNGLPVCGETCVGGTCNTPGCTC
PPepDB_1499,TCTLGTCYTAGCSCSWPVCTRNGVPICGE
PPepDB_1503,TTITVVNKCSYTVWPGALPGGGVVLD
PPepDB_1516,VCGETCVGGTCNTPGCTCSWPVCTRNGLP
PPepDB_1519,VKSTGRADDDLAVKTKYLPP
PPepDB_1525,VRDICKKEAERQDLSSCENYITQRRGY
PPepDB_1539,GADFQECMKEHSQKQHQHQG
PPepDB_1540,GIFSNMYARTPAGYFRGPAGYAAN
PPepDB_1548,KTCENLADTYKGPCFTTGSCD
PPepDB_1549,KVCYRAIPCGESCVWIPCISAAIGCSCKN
PPepDB_1550,MFFSSKKCKTVSKTFRGPCVRNAN
PPepDB_1553,QLPICGETCVLGGCYTPNCRCQYPICVR
PPepDB_1559,TCESPSHKFKGPCATNRNCES
PPepDB_1570,HEPCGESCVFIPCITTVVGCSCKNKVCYD
PPepDB_1571,HEPCGESCVFIPCITTVVGCSCKNKVCYN
PPepDB_1572,SAISCGETCFKFKCYTPRCSCSYPVCK
PPepDB_1584,GLPVCGESCFGGSCYTPGCSCTWPICTRD
PPepDB_1587,GLPVCGETCFGGTCNTPGCSCTDPICTRD
PPepDB_1588,GLPVCGETCVGGTCNTPGCTCSWPVCTRD
PPepDB_1594,GVPICGETCVGGTCNTPGCSCSWPVCTRN
PPepDB_1597,GSLCGDTCFVLGCNDSSCSCNYPICVKD
PPepDB_1599,GLPCGETCFTGKCYTPGCSCSYPICKKIN
PPepDB_1601,SAIACGESCVYIPCFIPGCSCRNRVCYLN
PPepDB_1605,GIFSNMYXRTPAGYFRGPXGYXXN
PPepDB_1606,QKLCERPSGTWSGVCGNNNACKNQCIN
PPepDB_1608,QKLCERPSGTXSGVCGNNNACKNQCIR
PPepDB_1611,QKLCERPSGTWSGVCGNNNACKN
PPepDB_1638,ARCENFADSYRQPPISSSQT
PPepDB_1652,GLPICGETCTLGTCYTVGCTCSWPVCTRN
PPepDB_1660,LICSSTCLRIPCLSPRCTCRHHICYLN
PPepDB_1661,QAFCGETCLLGKCYTPGCSCHTGICLK
PPepDB_1662,QAFCGETCVLGTCYTPGCSCNFGICLK
PPepDB_1663,QLPICGETCVLGRCYTPNCRCQYPICVR
PPepDB_1664,QLPICGETCVLGTCYTPGCSCAYPICAR
PPepDB_1665,QLPICGETCVLGTCYTPGCSCAYPICVR
PPepDB_1671,CGESCVFLPCFIIPGCSCKDKVCYLN
PPepDB_1672,DIPCGSTCLHVKCIPPCYCKNKVLCYRN
PPepDB_1673,DLICSSTCLHTPCKASVCYCKNAVCYKN
PPepDB_1674,DLQCAETCVHSPCIGPCYCKHGVICYKN
PPepDB_1675,EYCGESCYLIPCFTPGCYCVSRQCVNKN
PPepDB_1679,GAFCGETCVLGTCYTPDCSCKAVVCIKN
PPepDB_1680,GAFCGETCVLGTCYTPGCSCAPVICLNN
PPepDB_1682,GAICTGTCFRNPCLSRRCTCRHYICYLN
PPepDB_1697,GFCLETCVILPCFSSVAGCYCHGSTCMRG
PPepDB_1700,GFNSCSEACVYLPCFSKGCSCFKRQCYKN
PPepDB_1704,GFPICGETCFKTKCYTPGCSCSYPVCKKN
PPepDB_1712,GHPICGETCVGNKCYTPGCTCTWPVCYRN
PPepDB_1713,GHPTCGETCLLGTCYTPGCTCKRPVCYKN
PPepDB_1714,GIPCAESCVFIPCVTAILGCSCKDRVCYN
PPepDB_1718,GIPCAESCVYIPCLTSAGCSCKSKVCYRN
PPepDB_1719,GIPCAESCVYIPCLTSIGCSCKSKVCYRN
PPepDB_1722,GIPCAESCVYLPCVTIVIGCSCKDKVCYN
PPepDB_1726,GIPCGESCHIPCVTSAIGCSCRNRSCMRN
PPepDB_1751,GIPCGESCVYLPCFTTIIGCKCQGKVCYH
PPepDB_1754,GIPICGETCTIGTCNTPGCTCSWPVCTRD
PPepDB_1755,GIPTCGETCFKGKCYTPGCSCSYPICKKD
PPepDB_1756,GIPVCGETCVGGTCNTPGCSCSWPVCTRN
PPepDB_1766,GLPICGETCFTGTCNTPGCTCSYPVCTRN
PPepDB_1767,GLPICGETCFTGTCYTPGCTCSYPVCKKN
PPepDB_1768,GLPICGETCTLGTCNTPGCTCSWPICTKN
PPepDB_1769,GLPLCGETCAGGTCNTPGCSCSWPVCVRN
PPepDB_1771,GLPVCGETCAGGTCNTPGCSCTWPICTRN
PPepDB_1772,GLPVCGETCTIGTCYTAGCTCSWPICTRN
PPepDB_1773,GLPVCGETCVGGTCNTEYCTCSWPVCTRD
PPepDB_1774,GLPVCGETCVGGTCNTPGCSCSIPVCTRN
PPepDB_1775,GLPVCGETCVGGTCNTPGCSCSRPVCTXN
PPepDB_1776,GLPVCGETCVGGTCNTPGCSCSWPVCIRN
PPepDB_1777,GLPVCGETCVGGTCNTPGCTCTWPVCTRN
PPepDB_1778,GLPVCGETCVGGTCNTPYCFCSWPVCTRD
PPepDB_1779,GLPVCGETCVGGTCNTPYCTCSWPVCTRD
PPepDB_1788,GSAFCGETCVLGTCYTPDCSCKAVVCIKN
PPepDB_1794,GSHCGETCFFFGCYKPGCSCDELRQCYKN
PPepDB_1803,GSIRCGERCLLGRCHRPGCTCIRRICRRN
PPepDB_1804,GSIRCGERCLLGRCHRPGCTCVRRICRRN
PPepDB_1809,GSVICGETCFTTVCNTPGCYCGAYXCTRN
PPepDB_1845,IPCGESCVYIPCISAVLGCSCQNKVCYR
PPepDB_1848,NTAFCGETCVLGTCYTPDCSCKAVVCIKN
PPepDB_1849,NTAFCGETCVLGTCYTPDCSCTAIVCIKN
PPepDB_1913,QAFCGETCLLGTCYTPGCRCTAGICLK
PPepDB_1914,QDCGETCVLGTCYTPGCSCSAYPLCV
PPepDB_1915,QLPICGETCVLGTCYTPGCRCQYPICVR
PPepDB_1924,GLPICGESCVGGTCNTPGCTCTWPVCTRN
PPepDB_1925,GLVPCGETCFTGKCYTPGCSCSYPICKKN
PPepDB_1927,GASCGETCFTGICFTAGCSCNPWPTCTRN
PPepDB_1928,GDACGETCFTGICFTAGCSCNPWPTCTRN
PPepDB_1929,GEYCGESCYLIPCFTPGCYCVSRQCVNKN
PPepDB_1935,GSAFCGETCVLGTCYTPDCSCTALVCLKN
PPepDB_1940,GEIPCGESCVYLPCFLPNCYCRNHVCYLN
PPepDB_1942,GIACGESCAYFGCWIPGCSCRNKVCYFN
PPepDB_1951,GLPVCGETCAFGSCYTPGCSCSWPVCTRN
PPepDB_1952,GLPVCGETCFGGTCNTPGCSCSYPICTRN
PPepDB_1953,GLPVCGETCFGGTCNTPGCTCSYPICTRN
PPepDB_1954,GNIPCGESCIFFPCFNPGCSCKDNLCYYN
PPepDB_1964,GAPICGESCFTGKCYTVQCSCSWPVCTRN
PPepDB_1965,GLPICGETCVGGTCNTPGCTCSWPVCTRN
PPepDB_1969,GKPICGETCFKGKCYTPGCTCSYPICKKD
PPepDB_1971,IQCGESCVWIPCISSAWGCSCKNKICSS
PPepDB_1976,GAPICGESCFTGTCYTVQCSCSWPVCTRN
PPepDB_1977,GAPVCGETCFTGLCYSSGCSCIYPVCNRN
PPepDB_1980,GDTCYETCFTGFCFIGGCKCDFPVCVKN
PPepDB_1982,GFACGETCIFTSCFITGCTCNSSLCFRN
PPepDB_1991,GIPCGETCVAFGCWIPGCSCKDKLCYYD
PPepDB_1993,GLPLCGETCVGGTCNTPGCSCSWPVCTRN
PPepDB_1994,GLPTCGETCTLGTCYTPGCTCSWPLCTKN
PPepDB_1995,GLPVCGEACVGGTCNTPGCSCSWPVCTRN
PPepDB_1996,GLPVCGETCAGGRCNTPGCSCSWPVCTRN
PPepDB_1998,GLPVCGETCVGGTCNTPGCSCSWPVCFRD
PPepDB_1999,GLPVCGETCVGGTCNTPGCTCSWPICTRN
PPepDB_2000,GPPVCGETCVGGTCNTPGCSCSWPVCTRN
PPepDB_2003,GSSCGETCEVFSCFITRCACIDGLCYRN
PPepDB_2010,GVAVCGETCTLGTCYTPGCSCDWPICKRN
PPepDB_2011,GVPICGETCFQGTCNTPGCTCKWPICERN
PPepDB_2014,GYPICGESCVGGTCNTPGCSCSWPVCTTN
PPepDB_2021,PTPCGETCIWISCVTAAIGCYCHESICYR
PPepDB_2026,GLPTCGETCFKGKCYTPGCSCSYPICKKD
PPepDB_2028,GYPICGESCVGGICNIPGCSCSWPVCTTN
PPepDB_2033,PICKRNGLPVCGETCTLGTCYTQGCTCSW
PPepDB_2034,PICTRNGLPVCGETCFGGTCNTPGCTCTW
PPepDB_2035,PVCTRNGLPVCGETCVGGTCNTPGCTCSW
PPepDB_2037,XAFCGETCLLGKCYTPGCSCHTGICLK
PPepDB_2038,XAFCGETCLLGTCYTPGCRCTAGICLK
PPepDB_2039,XAFCGETCVLGTCYTPGCSCNFGICLK
PPepDB_2041,XDCGETCVLGTCYTPGCSCSAYPLCV
PPepDB_2049,XLPICGETCVLGRCYTPNCRCQYPICVR
PPepDB_2050,XLPICGETCVLGTCYTPGCRCQYPICVR
PPepDB_2051,XLPICGETCVLGTCYTPGCSCAYPICAR
PPepDB_2052,XLPICGETCVLGTCYTPGCSCAYPICVR
PPepDB_2057,XWGRRCCGWGPGRRYCRRWC
PPepDB_2058,XWGRRCCGWGPGRRYCVRWC
PPepDB_2059,XYGRRCCNWGPGRRYCKRWC
PPepDB_2060,XYRHRCCAWGPGRKYCKRWC
PPepDB_2061,ADDRCERMCQRYHDRREKKQCMKGCRYG
PPepDB_2066,RNGCIVDPRCPYQQCRRPLYCRRR
PPepDB_2070,GLPTCGETCTLGTCYVPDCSCSWPICMKN
PPepDB_2081,EWEPVQNGGSSYYMVPRIWA
PPepDB_2099,KSCCRNTTARNCYNVCRIPG
PPepDB_2100,KSLRPRCWIKIKFRCKSLKF
PPepDB_2107,GKPICGETCFKGKCYTPGCTCSYPICKKN
PPepDB_2108,GKPTCGETCFKGKCYTPGCTCSYPLCKKD
PPepDB_2109,GKYTCGETCFKGKCYTPGCTCSYPICKKD
PPepDB_2110,GLPTCGETCFKGKCYTPGCSCSYPICKKN
PPepDB_2111,GLPTCGETCTLGKCNTPKCTCNWPICYKD
PPepDB_2112,GLPTCGETCTLGKCNTPKCTCNWPICYKN
PPepDB_2115,GLPICGETCFKTKCYTKGCSCSYPVCKRN
PPepDB_2119,AIPCGESCVWIPCISTVIGCSCSNKVCYR
PPepDB_2121,GLPVCGETCAGGTCNTPGCSCSWPICTRN
PPepDB_2124,IPCGESCVWIPCISGMFGCSCKDKVCYS
PPepDB_2125,IPCGESCVWIPCITAIAGCSCKNKVCYT
PPepDB_2130,DLQCAETCVHSPCIGPCYCKHGLICYRN
PPepDB_2135,DRCSQQCQHHRDPDRKQQCMRECRRH
PPepDB_2141,KLCGETCFKFKCYTPGCSCSYPFCK
PPepDB_2162,GLPICGETCVGGTCNTPGCFCTWPVCTRN
PPepDB_2163,GLPVCGETCFTGSCYTPGCSCNWPVCNRN
PPepDB_2164,GLPVCGETCVGGTCNTPGCSCSWPVCFRN
PPepDB_2169,GLPVCGETCFGGRCNTPGCTCSYPICTRN
PPepDB_2172,GLPVCGETCVGGTCNTPGCACSWPVCTRN
PPepDB_2179,TPRPVCAATCDCKIITGTKCPPGYEK
PPepDB_2200,VGECVRGRCPSGMCCSQFGYCGKGPKYCG
PPepDB_2202,GYGGHGGHGGHGGHGGHGGHGHGGGGHG
PPepDB_2205,QWGRRCCGWGPGRRYCRRWC
PPepDB_2207,GLPVCGETCFGGTCNTPGCSCTWPICTRD
PPepDB_2208,GLPICGETCVGGSCNTPGCSCSWPVCTRN
PPepDB_2211,GLPVCGETCTLGTCYTQGCTCSWPICKRN
PPepDB_2213,GLPICGETCVGGTCNTPGCSCSWPVCTRN
PPepDB_2214,GLPVCGETCVGGTCNTPGCTCSWPVCTRN
PPepDB_2254,MFFSSKKCKTVXKTFRGPCVRNAN
PPepDB_2270,AICPRILVECKRDSDCPAQCICKRQGYCG
PPepDB_2271,AICPRILVRCKRDSDCLGQCVCKRQGYCG
PPepDB_2297,ATKVKAKQRGKEKVSSGRPGQHN
PPepDB_2325,CETCVGGTCNTPGCSCSWPVCTRNGLPIC
PPepDB_2326,CETCVGGTCNTPGCSCSWPVCTRNGLPVC
PPepDB_2333,CGESCVYIPCFIPGCSCRNRVCYLNSAIA
PPepDB_2337,CGETCTIGTCYTAGCTCSWPICTRNGLPV
PPepDB_2338,CGETCVGGTCNTPGCACSWPVCTRNGLPV
PPepDB_2339,CGETCVGGTCNTPGCGCSWPVCTRNGLPV
PPepDB_2340,CGETCWGGTCNSVGCSCGFSWPYCTKN
PPepDB_2343,CPRILMKCKLDTDCFPTCTCRPSGFCG
PPepDB_2344,CPRILMPCKVNDDCLRGCKCLSNGYCG
PPepDB_2345,CPRILMPCQVNDDCLRGCKCLSNGYCG
PPepDB_2382,EIKARGKNKTKPTPSSGKGGKHN
PPepDB_2397,ERICPLIWMECKRDSDCLAQCICVDGHCG
PPepDB_2420,GDACGDTCVFFGCDDPGCTCGVLSICYRN
PPepDB_2432,GICPRILMECKRDSDCLAQCVCKRQGYCG
PPepDB_2433,GICPRILMPCKTDDDCMLDCRCLSNGYCG
PPepDB_2443,GKPFCGELCSRFICYHEDCTCEWPVCTK
PPepDB_2448,GLLQIPCGDFCYFETCFPTIICCVCHD
PPepDB_2452,GLPCGETCFTGKCVTPGCSCSYPICKKIN
PPepDB_2453,GLPGKKNVLKKSRESSGKPGGTNKKPF
PPepDB_2454,GLPVCGESCVGGTCNTPGCSCTWPLCTRN
PPepDB_2457,GLPVCGETCFGGTCNTPGCSCEWPVCTRN
PPepDB_2460,GPPCGDTCVFDPCLVSAPCKCKNRVCYRN
PPepDB_2471,GRHDYVASPPPPKPQDEQRQ
PPepDB_2474,GRSCRETCIYTSCFVTGCKCDDGACIR
PPepDB_2475,GSCGETCKYFGCYSMIVGCKCNRNKMCYK
PPepDB_2484,GTFPCGESCVWIPCLSKVIGCACKSKVCY
PPepDB_2488,GVLCAESCTFTSCFLTGCTCERNFCFRN
PPepDB_2490,GVPCGESCNVIPCIASLSCRCKSKVCFQN
PPepDB_2493,GVYCGETCKYTACRTIGCSCNSNQMCYK
PPepDB_2506,ICPRILMECKADSDCLAQCICEESGFCG
PPepDB_2507,ICPRILMECKADSDCLAQCICQESGFCG
PPepDB_2508,ICPRILMECSHDSDCFGECICLSSGYCG
PPepDB_2509,ICPRILMPCSSDSDCLAECICLENGFCG
PPepDB_2510,ICPRIWMECKRDSDCMAQCICVDGHCG
PPepDB_2515,ILMKCKQDSDCLLDCVCLKEGFCG
PPepDB_2516,ILMKCKTDRDCLTGCTCKRNGYCG
PPepDB_2518,IRCPRYLMECKHDSDCLGECICLESGFCG
PPepDB_2520,ITAVLRRRPRPPPYSSGRPGQNN
PPepDB_2633,MANNCASCDTCKCGPSCSCTNCSCCSH
PPepDB_2635,MCPKILMKCKQDSDCLLDCVCLKEGFCG
PPepDB_2636,MDIVGIAWAALMVVFTFSLSLVVWGRSGL
PPepDB_2637,MDIVSLAWAALMVVFTFSLSLVVWGRSGL
PPepDB_2638,MDIVSLAWAALMVVLHFSLSLVVWGRSGL
PPepDB_2642,MEAGGALSSLVFFIAFCFYIFI
PPepDB_2657,MESKFAHIIVFFLLKKYSFKM
PPepDB_2670,MGGVGKTKRMRRLKRKRRKMRQRSK
PPepDB_2701,MKWKLFKKIGIGAVLKVLTTGLPALKLTK
PPepDB_2704,ASLMATRGSRGSKISDGSGPQHN
PPepDB_2712,MSDINGSFGKGSVTRLGSAGGALV
PPepDB_2716,MVLEEAWRERGVRGEGAHSSHSLT
PPepDB_2773,RGCPRILMRCKRDSDCLAGCVCQKNGYCG
PPepDB_2776,RHDYHLSPPPAPKPADHTGQ
PPepDB_2777,RICPLIWMECKRDSDCLAQCICVDGHCG
PPepDB_2778,RICPRILMECKADSDCLAQCICEESGFCG
PPepDB_2779,RICPRILMECKADSDCLAQCICQENGFCG
PPepDB_2780,RICPRILMECKADSDCLAQCICQESGFCG
PPepDB_2781,RICPRILMECSSDSDCLAECICLENGFCG
PPepDB_2783,RICPRILMECSSDSDCLAECICLEQGFCG
PPepDB_2784,RICPRILMECSYDSDCFGECICLPSGYCG
PPepDB_2785,RICPRIWMECKRDSDCMAQCICVDGHCG
PPepDB_2790,RMCPKILMKCKQDSDCLLDCVCLKEGFCG
PPepDB_2792,RRCPRIYMECKHDSDCLADCVCLEHGICG
PPepDB_2794,RRCPRIYMECKHDSDCLADCVCLPQGICG
PPepDB_2795,RSCPRIWMECTRDSDCMAKCICVAGHCG
PPepDB_2817,RVCPKILMECKKDSDCLAECICLEHGYCG
PPepDB_2818,RVCPRILMECKKDSDCLAECVCLEHGYCG
PPepDB_2819,RVCPRILMKCKKDSDCLAECVCLEHGYCG
PPepDB_2820,RVCPRILMRCKRDSDCLAQCTCQQSGFCG
PPepDB_2827,SCYVLPCFTVGCTCTSSQCFKNGTACGE
PPepDB_2836,SLNVMRKGIRKQPVSSGKRGGVNDYDM
PPepDB_2842,SWPVCTRNGAPICGESCFTGKCYTVQCSC
PPepDB_2843,SWPVCYRNGLPVCGETCTLGKCYTAGCSC
PPepDB_2858,VGCPRILMKCKTDDDCLLGCKCLSNGYCG
PPepDB_2859,VGCPRILMKCKTDRDCLTGCTCKRNGYCG
PPepDB_2868,VRRRPTTPGRPREGSGGNGGNHH
PPepDB_2869,VSGNVAARKGKQQTSSGKGGGTN
PPepDB_2992,EVCEKASKTWSGNCGNTGHC
PPepDB_3021,GLPLCGETCVGGTCNTPACSCSWPVCTRN
PPepDB_3025,GIFSSRKCKTVSKTFRGICTRNANC
PPepDB_3026,MFFSSKKCKTVSKTFRGPCVRNA
PPepDB_3027,ICGETCVGGTCNTPGCSCSWPVCTRNGLP
PPepDB_3061,GLPVCGETCTLGKCYTAGCSCSWPVCYRN
PPepDB_3080,ALSWLKLSAQFGSLRKNAMFV
PPepDB_3081,ALWLLKLSAQYGSLRKNAMFVP
PPepDB_3095,ATSPTELPKYVLVDLKIGTGKNVQTFTLA
PPepDB_3096,ATTTTELPKYVLVDLKLGSEKDAKTFTLA
PPepDB_3121,DNTSEQPGACVMILYFHKRW
PPepDB_3172,FLGQQQPFPPQQPYPQPQPFPSQQP
PPepDB_3173,FLGQQQPFPPQQPYPQPQPFPSQQPY
PPepDB_3190,FQCAGVALSRCTLNRNALRRP
PPepDB_3193,FQTLFKNQYGHVRVLQRFNK
PPepDB_3206,GAIVTVKGGLRVTAPAMRKP
PPepDB_3209,GDEIVPPANQLAADNLENDG
PPepDB_3222,GGVWNLNVNPGTTGARVWARTK
PPepDB_3226,GIEEGIRGASVKSNDGYNEQADIYXPQ
PPepDB_3228,GIPAESCVWIPCTVTALVGCSCSDKVCYN
PPepDB_3229,GIPAESCVYIPCTVTALLGCSCSNRVCYN
PPepDB_3231,GIPGESCVWIPCISSAIGCSCKSKVCYRN
PPepDB_3232,GIPGESCVWIPCLTSAIGCSCKSKVCYRN
PPepDB_3238,GLPCVGETCVGGTCNTPGCSCSWPVCTRN
PPepDB_3239,GLPGESCVWLPCLSAAIGCSCKSKVCYRN
PPepDB_3240,GLPGETCFGGTCNTPGCTCDPWPVCTHN
PPepDB_3241,GLPGETCFTGKCYTPGCSCSYPICKKIN
PPepDB_3242,GLPIGETCVGGTCNTPGCSCSWPVCTRN
PPepDB_3243,GLPTGETCFGGTCNTPGCSCSWPICTRN
PPepDB_3244,GLPVGETCFGGTCNTPGCLCDPWPVCTRN
PPepDB_3245,GLPVGETCFGGTCNTPGCSCTWPICTRD
PPepDB_3246,GLPVGETCTLGTCYTQGCTCSWPICKRN
PPepDB_3247,GLPVGETCVGGTCNTPGCSCSWPVCTRN
PPepDB_3248,GLPVGETCVGGTCNTPGCTCSWPVCTRN
PPepDB_3250,GLVPGETCFTGKCYTPGCSCSYPLCKKN
PPepDB_3251,GMCEMSQRCEQQFCRAQNLRT
PPepDB_3275,GVPGESCVFIPCLTGVLGCSCSSNVCYLN
PPepDB_3335,ISFYQQPEENACQQQYLNAQQ
PPepDB_3346,KAGRISTLNSLTLPALRQFGL
PPepDB_3348,KDECHPPSVNTRHDEEEEKA
PPepDB_3362,KKVGYNPDKIPFVPISGFEGDNMIER
PPepDB_3363,KLCERPSGTWSGVCGNNNACKNQCINLEK
PPepDB_3365,KLCGETCFKFKCYTPGCSCSCSYPFCK
PPepDB_3367,KLCQRPSGTWSGVCGNNNACKNQCIRL
PPepDB_3371,KLYSKVELHPFGLHNLGNSCYANAVFSV
PPepDB_3377,KQVAEMNKPAVGSKTSDANHDLKS
PPepDB_3378,KSAGNDSIQSTKPVPSALTVDKATSVRG
PPepDB_3384,KSNSTVEISQNVQSVDSSKM
PPepDB_3388,KTCENLADTYKGPCFTSGGD
PPepDB_3393,KTKSAGNDSIQSTKPVPSALTVDKA
PPepDB_3440,LPDSNLTPKYVLVKLQDASSKTITLM
PPepDB_3442,LPNNSSTIKYLLVKLQGASQKTITLM
PPepDB_3451,LRDSSNSKPASDAAPQHVTLTSNR
PPepDB_3466,LTCQQVTSELGPCVPYLTGQG
PPepDB_3503,MTSVCSSCCSFKCQIAHWRQ
PPepDB_3573,RELEDSNIHHVAASVVLESKSSRT
PPepDB_3580,RNCKSLSHRFHGPCTRDSNC
PPepDB_3587,RRLDRGGVWNLNVNPGTTGARVWARTK
PPepDB_3599,RVRQNIDNPNRADTYNPRAG
PPepDB_3605,SEVTSGQTSSSSETHVQTGHDSPVINFK
PPepDB_3613,SIEGNKVIRGGNAIADGPVNE
PPepDB_3614,SISGESCAMISCFTEVIGCSCKNKVCYLN
PPepDB_3615,SKEQIRQLSRRAKSSSRKTSS
PPepDB_3616,SKKQIRELSKHAKSSSRKTISS
PPepDB_3627,SVIVEISKKQIRELSKHAKSS
PPepDB_3632,TAFYGPVGPPGRDSCGKGLVTN
PPepDB_3635,TGESAADVRATYHFYDPEQDD
PPepDB_3648,TVVPPKGGSFYPGETTPLQQ
PPepDB_3654,VALMDTTNNANQLDQNPRNF
PPepDB_3662,VFKTHHNAVSSYIKDVFRVI
PPepDB_3689,VVRRTIEPNGLLLPQYSNAPQL
PPepDB_3690,VVRRTIEPNGLLLPQYSNAPQLL
PPepDB_3702,YASQGCQSQRSGGGGGGGGGGGGGAQN
PPepDB_3750,LVKDNPLDISPKQVQALCTDLVIRCMCCC
PPepDB_3762,LGQQQPFPPQQPYPQPQPFPSQQPY
PPepDB_3801,GVGYKVVVTTTAAADDDDVV
PPepDB_3802,RDWERREFERRQNELRREQEQRREELL
PPepDB_3804,KTCENLADTFRGPCFATSNC
PPepDB_3806,GLPVCGETCVGGTCNTPGCGCSWPVCTRN
PPepDB_3807,GIACGESCVFLGCFIPGCSCKSKVCYFN
PPepDB_3810,GVPICGETCTLGTCYTAGCSCSWPVCTRN
PPepDB_3811,XTCESPSHKFKGPCATNRNCES
PPepDB_3859,GLPVCGETCVGGTCNTPGCSCSWPVCTRN
PPepDB_3893,GLPTCGETCFGGTCNTPGCTCDPWPICTD
PPepDB_3970,AIPCGESCVWIPCISAAIGCSCKNKVCYR
PPepDB_3976,QWGRRCCGWGPGRRYCVRWC
PPepDB_3977,QYGRRCCNWGPGRRYCKRWC
PPepDB_3978,QYRHRCCAWGPGRKYCKRWC
PPepDB_3985,GTACGESCYVLPCFTVGCTCTSSQCFKN
PPepDB_3994,GLPVCGETCVTGSCYTPGCTCSWPVCTRN
