id,peptide_sequence
1_Peptipedia_48541,CSCSSLMDKECVYFCHLDIIW
2_Peptipedia_51395,CSCSSWLDKECVYFCHLDIIW
3_Peptipedia_77834,CSCSSLLDKECVYFCHLDIIW
4_Peptipedia_51504,CSCNSWLDKECVYFCHLDIIW
5_Peptipedia_1416,RVR
6_PPepDB_2818,RVCPRILMECKKDSDCLAECVCLEHGYCG
7_Peptipedia_19658,VRRFGWWWGFLRR
8_PPepDB_2819,RVCPRILMKCKKDSDCLAECVCLEHGYCG
9_Peptipedia_9000,RRRR
10_PPepDB_2817,RVCPKILMECKKDSDCLAECICLEHGYCG
11_Peptipedia_1456,VVR
12_PPepDB_3661,VEV
13_PPepDB_2001,GRCTKSIPPICFPD
14_Peptipedia_9001,RRRRR
15_Peptipedia_51764,CTCFTYKDKECVYYCHLDIIW
16_PPepDB_2271,AICPRILVRCKRDSDCLGQCVCKRQGYCG
17_Peptipedia_30802,RRWGWWWGWRR
18_3e2yA_161-171,DCYEPMVRMAG
19_Peptipedia_58499,GILAWKWAWWAWRR
20_PPepDB_2432,GICPRILMECKRDSDCLAQCVCKRQGYCG
21_Peptipedia_19661,VRRFAWWWAFLRR
22_Peptipedia_1413,RRR
23_Peptipedia_56543,VRR
24_PPepDB_198,VAV
25_Peptipedia_16807,RVVRVVRRVVRR
26_Peptipedia_8842,RRRRRRRRRR
27_Peptipedia_40330,LTVSPWYGCGQLGRRRHRRRPSRRRRHW
28_Peptipedia_9454,LLG
29_Peptipedia_9448,VVV
30_Peptipedia_40443,RRWCYRKCYKGYCYRKCR
31_Peptipedia_28682,RRRRRRRRRRRRR
32_PPepDB_2773,RGCPRILMRCKRDSDCLAGCVCQKNGYCG
33_Peptipedia_30797,RRWCWWWCWRR
34_1npiA_20-31,SGYCGRECGIKK
35_PPepDB_2270,AICPRILVECKRDSDCPAQCICKRQGYCG
36_Peptipedia_26432,VEVE
37_5jxrA_348-362,NNLHELWALLNFLLP
38_2o4aA_388-400,ISQAVFARVAFNR
39_Peptipedia_47852,HEH
40_4dnjA_61-72,ARYAEVYAVLND
41_5dh0B_146-156,INMEAIAEAQP
42_Peptipedia_23752,MWKWFHNVLSSGQLLADKWWAWWYNWW
43_PPepDB_3688,VVNE
44_PPepDB_2784,RICPRILMECSYDSDCFGECICLPSGYCG
45_Peptipedia_9253,VEF
46_PPepDB_2871,VV
47_Peptipedia_85930,DREGCRRGWVGQCKAWFN
48_1pbyA_142-152,RDWWGIAQAEI
49_Peptipedia_49266,WRIRRRWPRLPRPRWR
50_Peptipedia_23748,KKKFPWWWPFKKKCKKKFPWWWPFKKKC
51_5hk1A_37-51,FQREEIAQLARQYAG
52_PPepDB_220,VSV
53_Peptipedia_32287,VRRFPWWWAFLRR
54_Peptipedia_77559,SRRGWNRGCFGLKLDRIGSMSGLGC
55_2jvwA_28-38,YGWEELSYMVN
56_Peptipedia_20357,VVG
57_1ezrA_171-182,IDPEAAHIVFNE
58_Peptipedia_16745,RRWVRRVRRVWRRVVRVVRRWVRR
59_Peptipedia_34210,MAKIGKWVVKGAAGYLGWEIGEGIWK
60_3gwjA_373-386,RSYEIVARQVLGAA
61_1y63A_137-149,QCICEEEARDAYE
62_Peptipedia_57195,ILPCKWPWWCWRR
63_3kyhC_164-177,SPTSSRLAHLGKEF
64_PPepDB_3428,LL
65_Peptipedia_1294,VVF
66_Peptipedia_23895,LTFEHYWAQLTS
67_2cyaA_4-16,VDVEERFNRIARN
68_Peptipedia_16732,RRVVRRVRRVVRRVVRVVRRVVRR
69_Peptipedia_33692,WKWKWKWKWKPGKWKWKWKWKW
70_Peptipedia_30289,RRWHWHWPGWHWHWRR
71_Peptipedia_4437,QIQDPEIPKCGWWNQMAYYN
72_2enxA_271-282,SNMAKVEAAFEF
73_5hzrA_716-730,NNLAELWAMLNFVLP
74_PPepDB_3002,LHH
75_Peptipedia_47855,WHH
76_Peptipedia_29105,VKKFAWWWAFLKK
77_Peptipedia_40463,WGRRGWWPGRRYRRW
78_5irrA_378-389,KTKRARYEAWRR
79_2r0xA_56-66,RAYEHFVKNRV
80_Peptipedia_32286,VRRFAWWWPFLRR
81_2d68A_105-115,EGRENLARDLG
82_Peptipedia_29793,RRLGLWLGLRR
83_DBAASP_21460,QWWGGRGGGRWRGGWRGGWRGRGRGWW
84_Peptipedia_28930,KWICRRLWYRGRWITYCRWR
85_Peptipedia_28683,RRRRRRRRRRRRRR
86_Peptipedia_30410,VRRFPYWWPFLRR
87_2p3yA_333-346,DELDERAAWFYEAI
88_Peptipedia_28681,RRRRRRRRRRRR
89_Peptipedia_1296,VQV
90_2h56A_156-170,GDVGLQRGAKWLYGN
91_Peptipedia_33329,ILPWKWAWWAWRR
92_2nogA_847-857,DDIENIAREVE
93_Peptipedia_18674,LNLKKILGKIGVMLSHLN
94_Peptipedia_31344,AWTQRIKAYLRREIRKRGRKAVIAW
95_Peptipedia_19215,RVRVRVWRVRVRV
96_Peptipedia_32171,ILGWKWGWWGWRR
97_3o1iD_253-263,LSHGVYRGLLR
98_Peptipedia_31350,AGTNRIAKELRRYIRKVGRIARKWW
99_4x28A_43-56,NVYRETIAQMGRDG
100_Peptipedia_17919,RVKR
